set foreign_key_checks = 0;

delete from cidade;
delete from cozinha;
delete from estado;
delete from forma_pagamento;
delete from grupo;
delete from grupo_permissao;
delete from permissao;
delete from produto;
delete from restaurante;
delete from restaurante_forma_pagamento;
delete from usuario;
delete from usuario_grupo;
delete from restaurante_usuario_responsavel;
delete from pedido;
delete from item_pedido;

set foreign_key_checks = 1;

alter table cidade auto_increment = 1;
alter table cozinha auto_increment = 1;
alter table estado auto_increment = 1;
alter table forma_pagamento auto_increment = 1;
alter table grupo auto_increment = 1;
alter table permissao auto_increment = 1;
alter table produto auto_increment = 1;
alter table restaurante auto_increment = 1;
alter table usuario auto_increment = 1;
alter table pedido auto_increment = 1;
alter table item_pedido auto_increment = 1;

insert into estado (nome) values ('São Paulo');
insert into estado (nome) values ('Minas Gerais');
insert into estado (nome) values ('Rio de Janeiro');

insert into cidade (nome, estado_id) values ('São Paulo', 1);
insert into cidade (nome, estado_id) values ('Campinas', 1);
insert into cidade (nome, estado_id) values ('Belo Horizonte', 2);
insert into cidade (nome, estado_id) values ('Niteroi', 3);

insert into cozinha (nome) values ('Tailandesa');
insert into cozinha (nome) values ('Indiana');
insert into cozinha (nome) values ('Argentina');
insert into cozinha (nome) values ('Brasileira');

insert into restaurante (id, nome, taxa_frete, cozinha_id, data_cadastro, data_atualizacao, ativo, aberto, endereco_cidade_id, endereco_cep, endereco_logradouro, endereco_numero, endereco_bairro) values (1, 'Thai Gourmet', 10, 1, utc_timestamp, utc_timestamp, true, true, 1, '38400-999', 'Rua João Pinheiro', '1000', 'Centro');
insert into restaurante (id, nome, taxa_frete, cozinha_id, data_cadastro, data_atualizacao, ativo, aberto) values (2, 'Thai Delivery', 9.50, 1, utc_timestamp, utc_timestamp, true, true);
insert into restaurante (id, nome, taxa_frete, cozinha_id, data_cadastro, data_atualizacao, ativo, aberto) values (3, 'Tuk Tuk Comida Indiana', 15, 2, utc_timestamp, utc_timestamp, true, true);
insert into restaurante (id, nome, taxa_frete, cozinha_id, data_cadastro, data_atualizacao, ativo, aberto) values (4, 'Java Steakhouse', 12, 3, utc_timestamp, utc_timestamp, true, true);
insert into restaurante (id, nome, taxa_frete, cozinha_id, data_cadastro, data_atualizacao, ativo, aberto) values (5, 'Lanchonete do Tio Sam', 11, 4, utc_timestamp, utc_timestamp, true, true);
insert into restaurante (id, nome, taxa_frete, cozinha_id, data_cadastro, data_atualizacao, ativo, aberto) values (6, 'Bar da Maria', 6, 4, utc_timestamp, utc_timestamp, true, true);

insert into forma_pagamento (descricao) values ('Cartão de Crédito');
insert into forma_pagamento (descricao) values ('Cartão de Débito');
insert into forma_pagamento (descricao) values ('Dinheiro');
insert into forma_pagamento (descricao) values ('PIX');

insert into restaurante_forma_pagamento (restaurante_id, forma_pagamento_id) values (1, 1), (1, 2), (1, 3), (2, 3), (3, 2), (3, 3), (4, 1), (4, 2), (5, 1), (5, 2), (6, 3);

insert into produto (nome, descricao, preco, ativo, restaurante_id) values ('Porco com molho agridoce', 'Deliciosa carne suína ao molho especial', 78.90, 0, 1);
insert into produto (nome, descricao, preco, ativo, restaurante_id) values ('Camarão tailandês', '16 camarões grandes ao molho picante', 110, 1, 1);
insert into produto (nome, descricao, preco, ativo, restaurante_id) values ('Salada picante com carne grelhada', 'Salada de folhas com cortes finos de carne bovina grelhada e nosso molho especial de pimenta vermelha', 87.20, 1, 2);
insert into produto (nome, descricao, preco, ativo, restaurante_id) values ('Garlic Naan', 'Pão tradicional indiano com cobertura de alho', 21, 1, 3);
insert into produto (nome, descricao, preco, ativo, restaurante_id) values ('Murg Curry', 'Cubos de frango preparados com molho curry e especiarias', 43, 1, 3);
insert into produto (nome, descricao, preco, ativo, restaurante_id) values ('Bife Ancho', 'Corte macio e suculento, com dois dedos de espessura, retirado da parte dianteira do contrafilé', 79, 1, 4);
insert into produto (nome, descricao, preco, ativo, restaurante_id) values ('T-Bone', 'Corte muito saboroso, com um osso em formato de T, sendo de um lado o contrafilé e do outro o filé mignon', 89, 1, 4);
insert into produto (nome, descricao, preco, ativo, restaurante_id) values ('Sanduíche X-Tudo', 'Sandubão com muito queijo, hamburger bovino, bacon, ovo, salada e maionese', 19, 1, 5);
insert into produto (nome, descricao, preco, ativo, restaurante_id) values ('Espetinho de Cupim', 'Acompanha farinha, mandioca e vinagrete', 8, 1, 6);

insert into permissao (nome, descricao) values ('CONSULTAR_COZINHAS', 'Permite consultar cozinhas');
insert into permissao (nome, descricao) values ('EDITAR_COZINHAS', 'Permite editar cozinhas');

insert into grupo (nome) values ('Gerente'), ('Vendedor'), ('Secretária'), ('Cadastrador');

insert into grupo_permissao (grupo_id, permissao_id) values (1, 1), (1, 2), (2, 1), (2, 2), (3, 1); 

insert into usuario (id, nome, email, senha, data_cadastro) values
(1, 'João da Silva', 'joao.ger@algafood.com', '123', utc_timestamp),
(2, 'Maria Joaquina', 'maria.vnd@algafood.com', '123', utc_timestamp),
(3, 'José Souza', 'jose.aux@algafood.com', '123', utc_timestamp),
(4, 'Sebastião Martins', 'sebastiao.cad@algafood.com', '123', utc_timestamp);

insert into usuario_grupo (usuario_id, grupo_id) values (1, 1), (1, 2), (2, 2);

insert into usuario (id, nome, email, senha, data_cadastro) values
(5, 'Manoel Lima', 'manoel.loja@gmail.com', '123', utc_timestamp);

insert into restaurante_usuario_responsavel (restaurante_id, usuario_id) values (1, 5), (3, 5);

insert into pedido (id, codigo, restaurante_id, usuario_cliente_id, forma_pagamento_id, endereco_cidade_id, endereco_cep, 
    endereco_logradouro, endereco_numero, endereco_complemento, endereco_bairro,
    status, data_criacao, subtotal, taxa_frete, valor_total)
values (1, '69fb5eb8-5dbf-11ec-bf63-0242ac130002', 1, 1, 1, 1, '38400-000', 'Rua Floriano Peixoto', '500', 'Apto 801', 'Brasil',
'CRIADO', utc_timestamp, 298.90, 10, 308.90);

insert into item_pedido (id, pedido_id, produto_id, quantidade, preco_unitario, preco_total, observacao)
values (1, 1, 1, 1, 78.9, 78.9, null);

insert into item_pedido (id, pedido_id, produto_id, quantidade, preco_unitario, preco_total, observacao)
values (2, 1, 2, 2, 110, 220, 'Menos picante, por favor');


insert into pedido (id, codigo, restaurante_id, usuario_cliente_id, forma_pagamento_id, endereco_cidade_id, endereco_cep, 
        endereco_logradouro, endereco_numero, endereco_complemento, endereco_bairro,
        status, data_criacao, subtotal, taxa_frete, valor_total)
values (2, '78000806-5dbf-11ec-bf63-0242ac130002', 4, 1, 2, 1, '38400-111', 'Rua Acre', '300', 'Casa 2', 'Centro',
'CRIADO', utc_timestamp, 79, 0, 79);

insert into item_pedido (id, pedido_id, produto_id, quantidade, preco_unitario, preco_total, observacao)
values (3, 2, 6, 1, 79, 79, 'Ao ponto');

insert into pedido (id, codigo, restaurante_id, usuario_cliente_id, forma_pagamento_id, endereco_cidade_id, endereco_cep, 
                    endereco_logradouro, endereco_numero, endereco_complemento, endereco_bairro,
	                status, data_criacao, data_confirmacao, data_entrega, subtotal, taxa_frete, valor_total)
values (3, 'b5741512-8fbc-47fa-9ac1-b530354fc0ff', 1, 1, 1, 1, '38400-222', 'Rua Natal', '200', null, 'Brasil',
        'ENTREGUE', '2019-10-30 21:10:00', '2019-10-30 21:10:45', '2019-10-30 21:55:44', 110, 10, 120);

insert into item_pedido (id, pedido_id, produto_id, quantidade, preco_unitario, preco_total, observacao)
values (4, 3, 2, 1, 110, 110, null);


insert into pedido (id, codigo, restaurante_id, usuario_cliente_id, forma_pagamento_id, endereco_cidade_id, endereco_cep, 
                    endereco_logradouro, endereco_numero, endereco_complemento, endereco_bairro,
	                status, data_criacao, data_confirmacao, data_entrega, subtotal, taxa_frete, valor_total)
values (4, '5c621c9a-ba61-4454-8631-8aabefe58dc2', 1, 2, 1, 1, '38400-800', 'Rua Fortaleza', '900', 'Apto 504', 'Centro',
        'ENTREGUE', '2019-11-02 20:34:04', '2019-11-02 20:35:10', '2019-11-02 21:10:32', 174.4, 5, 179.4);

insert into item_pedido (id, pedido_id, produto_id, quantidade, preco_unitario, preco_total, observacao)
values (5, 4, 3, 2, 87.2, 174.4, null);


insert into pedido (id, codigo, restaurante_id, usuario_cliente_id, forma_pagamento_id, endereco_cidade_id, endereco_cep, 
                    endereco_logradouro, endereco_numero, endereco_complemento, endereco_bairro,
	                status, data_criacao, data_confirmacao, data_entrega, subtotal, taxa_frete, valor_total)
values (5, '8d774bcf-b238-42f3-aef1-5fb388754d63', 1, 3, 2, 1, '38400-200', 'Rua 10', '930', 'Casa 20', 'Martins',
        'ENTREGUE', '2019-11-02 21:00:30', '2019-11-02 21:01:21', '2019-11-02 21:20:10', 87.2, 10, 97.2);

insert into item_pedido (id, pedido_id, produto_id, quantidade, preco_unitario, preco_total, observacao)
values (6, 5, 3, 1, 87.2, 87.2, null);
